Date, Time, Direction, Type, Occupancy,Weather
27/10/2022, 1.30pm,out,Van,1,Partial Cloudy/ Sunny
27/10/2022, 1.30pm, out,Car,10%,Partial Cloudy/ Sunny
27/10/2022, 1.30pm,out,Taxi,1,Partial Cloudy/ Sunny
27/10/2022, 1.30pm,out,Bus,10%,Partial Cloudy/ Sunny
27/10/2022, 1.30pm,out,Bus,10%,Partial Cloudy/ Sunny
27/10/2022, 1.30pm,out,Car,4,Partial Cloudy/ Sunny
27/10/2022, 1.30pm,out,Car,2,Partial Cloudy/ Sunny
27/10/2022, 1.30pm,out,Car,1,Partial Cloudy/ Sunny
27/10/2022, 1.30pm,out,Car,4,Partial Cloudy/ Sunny
27/10/2022, 1.30pm,out,Car,2,Partial Cloudy/ Sunny
27/10/2022, 1.35pm,out,Car,1,Partial Cloudy/ Sunny
27/10/2022, 1.35pm,out,Car,2,Partial Cloudy/ Sunny
27/10/2022, 1.35pm,out,Car,1,Partial Cloudy/ Sunny
27/10/2022, 1.35pm,out,Bicycle,2,Partial Cloudy/ Sunny
27/10/2022, 1.35pm,out,Bicycle,1,Partial Cloudy/ Sunny
27/10/2022, 1.35pm,out,Motorbike,1,Partial Cloudy/ Sunny
27/10/2022, 1.35pm,out,Car,1,Partial Cloudy/ Sunny
27/10/2022, 1.35pm,out,Car,4,Partial Cloudy/ Sunny
27/10/2022, 1.35pm,out,Van,2,Partial Cloudy/ Sunny
27/10/2022, 1.35pm,out,Car,1,Partial Cloudy/ Sunny
27/10/2022, 1.35pm,out,Bicycle,1,Partial Cloudy/ Sunny
27/10/2022, 1.35pm,out,Car,1,Partial Cloudy/ Sunny
27/10/2022, 1.35pm,out,Car,5,Partial Cloudy/ Sunny
27/10/2022, 1.35pm,out,Car,4,Partial Cloudy/ Sunny
27/10/2022, 1.35pm,out,Car,1,Partial Cloudy/ Sunny
27/10/2022, 1.35pm,out,Car,5,Partial Cloudy/ Sunny
27/10/2022, 1.35pm,out,Car,4,Partial Cloudy/ Sunny
27/10/2022, 1.35pm,out,Car,2,Partial Cloudy/ Sunny
27/10/2022, 1.35pm,out,Car,2,Partial Cloudy/ Sunny
27/10/2022, 1.35pm,out,Car,1,Partial Cloudy/ Sunny
27/10/2022, 1.35pm,out,Car,1,Partial Cloudy/ Sunny
27/10/2022, 1.35pm,out,Bicycle,1,Partial Cloudy/ Sunny
27/10/2022, 1.35pm,out,Bicycle,1,Partial Cloudy/ Sunny
27/10/2022, 1.35pm,out,Bicycle,1,Partial Cloudy/ Sunny
27/10/2022, 1.35pm,out,Bicycle,1,Partial Cloudy/ Sunny
27/10/2022, 1.35pm,out,Bicycle,1,Partial Cloudy/ Sunny
27/10/2022, 1.35pm,out,Bicycle,1,Partial Cloudy/ Sunny
27/10/2022, 1.35pm,out,Bicycle,1,Partial Cloudy/ Sunny
27/10/2022, 1.35pm,out,Bicycle,1,Partial Cloudy/ Sunny
27/10/2022, 1.35pm,out,Bicycle,1,Partial Cloudy/ Sunny
27/10/2022, 1.35pm,out,Bicycle,1,Partial Cloudy/ Sunny
27/10/2022, 1.35pm,out,Bicycle,1,Partial Cloudy/ Sunny
27/10/2022, 1.35pm,out,Bicycle,1,Partial Cloudy/ Sunny
27/10/2022, 1.35pm,out,Bicycle,1,Partial Cloudy/ Sunny
27/10/2022, 1.35pm,out,Bicycle,1,Partial Cloudy/ Sunny
27/10/2022, 1.35pm,out,Bicycle,1,Partial Cloudy/ Sunny
27/10/2022, 1.35pm,out,Bicycle,1,Partial Cloudy/ Sunny
27/10/2022, 1.35pm,out,Bicycle,1,Partial Cloudy/ Sunny
27/10/2022, 1.35pm,out,Bicycle,1,Partial Cloudy/ Sunny
27/10/2022, 1.35pm,out,Bicycle,1,Partial Cloudy/ Sunny
27/10/2022, 1.35pm,out,Car,4,Partial Cloudy/ Sunny
27/10/2022, 1.35pm,out,Car,3,Partial Cloudy/ Sunny
27/10/2022, 1.35pm,out,Car,1,Partial Cloudy/ Sunny
27/10/2022, 1.35pm,out,Bicycle,1,Partial Cloudy/ Sunny
27/10/2022, 1.35pm,out,Car,1,Partial Cloudy/ Sunny
27/10/2022, 1.35pm,out,Car,4,Partial Cloudy/ Sunny
27/10/2022, 1.35pm,out,Bus,40%,Partial Cloudy/ Sunny
27/10/2022, 1.35pm,out,Bus,80%,Partial Cloudy/ Sunny
27/10/2022, 1.35pm,out,Car,4,Partial Cloudy/ Sunny
27/10/2022,1.40pm,out,Car,2,Partial Cloudy/ Sunny
27/10/2022,1.40pm,out,Taxi,1,Partial Cloudy/ Sunny
27/10/2022,1.40pm,out,Van,1,Partial Cloudy/ Sunny
27/10/2022,1.40pm,out,Car,1,Partial Cloudy/ Sunny
27/10/2022,1.40pm,out,Bicycle,1,Partial Cloudy/ Sunny
27/10/2022,1.40pm,out,Car,1,Partial Cloudy/ Sunny
27/10/2022,1.40pm,out,Van,2,Partial Cloudy/ Sunny
27/10/2022,1.40pm,out,Bicycle,1,Partial Cloudy/ Sunny
27/10/2022,1.40pm,out,Bicycle,1,Partial Cloudy/ Sunny
27/10/2022,1.40pm,out,Bicycle,1,Partial Cloudy/ Sunny
27/10/2022,1.40pm,out,Bicycle,1,Partial Cloudy/ Sunny
27/10/2022,1.40pm,out,Bicycle,1,Partial Cloudy/ Sunny
27/10/2022,1.40pm,out,Bicycle,1,Partial Cloudy/ Sunny
27/10/2022,1.40pm,out,Bicycle,1,Partial Cloudy/ Sunny
27/10/2022,1.40pm,out,Car,2,Partial Cloudy/ Sunny
27/10/2022,1.40pm,out,Car,3,Partial Cloudy/ Sunny
27/10/2022,1.40pm,out,Bicycle,1,Partial Cloudy/ Sunny
27/10/2022,1.40pm,out,Bicycle,1,Partial Cloudy/ Sunny
27/10/2022,1.40pm,out,Bicycle,1,Partial Cloudy/ Sunny
27/10/2022,1.40pm,out,Bicycle,1,Partial Cloudy/ Sunny
27/10/2022,1.40pm,out,Bicycle,1,Partial Cloudy/ Sunny
27/10/2022,1.40pm,out,Bicycle,1,Partial Cloudy/ Sunny
27/10/2022,1.40pm,out,Bicycle,1,Partial Cloudy/ Sunny
27/10/2022,1.40pm,out,Bicycle,1,Partial Cloudy/ Sunny
27/10/2022,1.40pm,out,Bicycle,1,Partial Cloudy/ Sunny
27/10/2022,1.40pm,out,Car,2,Partial Cloudy/ Sunny
27/10/2022,1.40pm,out,Car,1,Partial Cloudy/ Sunny
27/10/2022,1.40pm,out,Car,1,Partial Cloudy/ Sunny
27/10/2022,1.40pm,out,Bicycle,1,Partial Cloudy/ Sunny
27/10/2022,1.40pm,out,Van,1,Partial Cloudy/ Sunny
27/10/2022,1.40pm,out,Car,2,Partial Cloudy/ Sunny
27/10/2022,1.40pm,out,Car,1,Partial Cloudy/ Sunny
27/10/2022,1.40pm,out,Van,2,Partial Cloudy/ Sunny
27/10/2022,1.40pm,out,Bus,0%,Partial Cloudy/ Sunny
27/10/2022,1.40pm,out,Taxi,1,Partial Cloudy/ Sunny
27/10/2022,1.45pm,out,Car,2,Partial Cloudy/ Sunny
27/10/2022,1.45pm,out,Car,1,Partial Cloudy/ Sunny
27/10/2022,1.45pm,out,Car,4,Partial Cloudy/ Sunny
27/10/2022,1.45pm,out,Bicycle,1,Partial Cloudy/ Sunny
27/10/2022,1.45pm,out,Car,4,Partial Cloudy/ Sunny
27/10/2022,1.45pm,out,Bus,100%,Partial Cloudy/ Sunny
27/10/2022,1.45pm,out,Car,2,Partial Cloudy/ Sunny
27/10/2022,1.45pm,out,Car,1,Partial Cloudy/ Sunny
27/10/2022,1.45pm,out,Van,2,Partial Cloudy/ Sunny
27/10/2022,1.45pm,out,Car,2,Partial Cloudy/ Sunny
27/10/2022,1.45pm,out,Car,2,Partial Cloudy/ Sunny
27/10/2022,1.45pm,out,Car,4,Partial Cloudy/ Sunny
27/10/2022,1.45pm,out,Car,2,Partial Cloudy/ Sunny
27/10/2022,1.50pm,out,Taxi,2,Partial Cloudy/ Sunny
27/10/2022,1.50pm,out,Car,1,Partial Cloudy/ Sunny
27/10/2022,1.50pm,out,Car,1,Partial Cloudy/ Sunny
27/10/2022,1.50pm,out,Bus,30%,Partial Cloudy/ Sunny
27/10/2022,1.50pm,out,Car,2,Partial Cloudy/ Sunny
27/10/2022,1.50pm,out,Car,3,Partial Cloudy/ Sunny
27/10/2022,1.50pm,out,Bus,70%,Partial Cloudy/ Sunny
27/10/2022,1.50pm,out,Car,4,Partial Cloudy/ Sunny
27/10/2022,1.50pm,out,Car,1,Partial Cloudy/ Sunny
27/10/2022,1.50pm,out,Car,2,Partial Cloudy/ Sunny
27/10/2022,1.50pm,out,Car,1,Partial Cloudy/ Sunny
27/10/2022,1.50pm,out,Car,1,Partial Cloudy/ Sunny
27/10/2022,1.50pm,out,Car,1,Partial Cloudy/ Sunny
27/10/2022,1.50pm,out,Van,1,Partial Cloudy/ Sunny
27/10/2022,1.50pm,out,Bus,20,Partial Cloudy/ Sunny
27/10/2022,1.55pm,out,Car,1,Partial Cloudy/ Sunny
27/10/2022,1.55pm,out,Van,1,Partial Cloudy/ Sunny
27/10/2022,1.55pm,out,Bus,60%,Partial Cloudy/ Sunny
27/10/2022,1.55pm,out,Car,2,Partial Cloudy/ Sunny
27/10/2022,1.55pm,out,Car,2,Partial Cloudy/ Sunny
27/10/2022,1.55pm,out,Car,1,Partial Cloudy/ Sunny
27/10/2022,1.55pm,out,Car,2,Partial Cloudy/ Sunny
27/10/2022,1.55pm,out,Car,1,Partial Cloudy/ Sunny
27/10/2022,1.55pm,out,Car,1,Partial Cloudy/ Sunny
27/10/2022,1.55pm,out,Car,1,Partial Cloudy/ Sunny
27/10/2022,1.55pm,out,Car,2,Partial Cloudy/ Sunny
27/10/2022,1.55pm,out,Car,1,Partial Cloudy/ Sunny
27/10/2022,1.55pm,out,Car,5,Partial Cloudy/ Sunny
27/10/2022,1.55pm,out,Car,1,Partial Cloudy/ Sunny
27/10/2022,1.55pm,out,Car,2,Partial Cloudy/ Sunny
27/10/2022,1.55pm,out,Car,1,Partial Cloudy/ Sunny
