Date,Time,Direction,Type,Occupancy,Electric Vehicle
28-10-2022,09:30,in,bus,24,FALSE
28-10-2022,09:30,in,bicycle,1,FALSE
28-10-2022,09:30,in,car,1,FALSE
28-10-2022,09:30,in,car,1,FALSE
28-10-2022,09:31,in,car,1,TRUE
28-10-2022,09:31,in,car,1,FALSE
28-10-2022,09:31,in,car,1,FALSE
28-10-2022,09:31,in,bus,40,FALSE
28-10-2022,09:33,in,car,1,FALSE
28-10-2022,09:33,in,car,1,TRUE
28-10-2022,09:33,in,car,1,FALSE
28-10-2022,09:33,in,car,1,FALSE
28-10-2022,09:33,in,car,1,FALSE
28-10-2022,09:34,in,car,1,FALSE
28-10-2022,09:34,in,bicycle,1,FALSE
28-10-2022,09:34,in,car,2,TRUE
28-10-2022,09:35,in,car,1,FALSE
28-10-2022,09:35,in,car,1,FALSE
28-10-2022,09:35,in,car,2,FALSE
28-10-2022,09:35,in,car,1,FALSE
28-10-2022,09:36,in,bicycle,1,FALSE
28-10-2022,09:36,in,car,1,FALSE
28-10-2022,09:37,in,car,2,FALSE
28-10-2022,09:37,in,bus,48,FALSE
28-10-2022,09:38,in,bicycle,1,FALSE
28-10-2022,09:38,in,truck,1,FALSE
28-10-2022,09:38,in,car,1,FALSE
28-10-2022,09:38,in,car,1,FALSE
28-10-2022,09:38,in,car,1,FALSE
28-10-2022,09:38,in,bicycle,1,FALSE
28-10-2022,09:38,in,car,1,FALSE
28-10-2022,09:39,in,car,1,FALSE
28-10-2022,09:39,in,car,1,FALSE
28-10-2022,09:39,in,car,1,FALSE
28-10-2022,09:39,in,car,1,FALSE
28-10-2022,09:39,in,car,1,TRUE
28-10-2022,09:40,in,car,1,FALSE
28-10-2022,09:40,in,car,1,FALSE
28-10-2022,09:40,in,car,1,FALSE
28-10-2022,09:40,in,car,64,FALSE
28-10-2022,09:41,in,car,1,FALSE
28-10-2022,09:41,in,car,1,FALSE
28-10-2022,09:41,in,car,1,FALSE
28-10-2022,09:41,in,car,1,FALSE
28-10-2022,09:42,in,car,1,FALSE
28-10-2022,09:42,in,car,1,TRUE
28-10-2022,09:42,in,car,2,FALSE
28-10-2022,09:42,in,car,1,FALSE
28-10-2022,09:42,in,car,2,FALSE
28-10-2022,09:43,in,bicycle,1,FALSE
28-10-2022,09:43,in,car,1,FALSE
28-10-2022,09:43,in,car,1,FALSE
28-10-2022,09:43,in,car,1,FALSE
28-10-2022,09:43,in,motorcycle,1,FALSE
28-10-2022,09:43,in,car,1,FALSE
28-10-2022,09:43,in,car,1,FALSE
28-10-2022,09:43,in,bicycle,1,FALSE
28-10-2022,09:43,in,car,1,FALSE
28-10-2022,09:43,in,car,1,FALSE
28-10-2022,09:43,in,bus,80,FALSE
28-10-2022,09:44,in,car,1,FALSE
28-10-2022,09:44,in,car,1,FALSE
28-10-2022,09:44,in,car,1,FALSE
28-10-2022,09:44,in,car,1,FALSE
28-10-2022,09:44,in,car,1,FALSE
28-10-2022,09:45,in,car,2,FALSE
28-10-2022,09:45,in,bus,80,FALSE
28-10-2022,09:45,in,car,2,FALSE
28-10-2022,09:46,in,bus,8,FALSE
28-10-2022,09:46,in,car,1,FALSE
28-10-2022,09:46,in,car,2,FALSE
28-10-2022,09:46,in,car,2,FALSE
28-10-2022,09:46,in,car,1,FALSE
28-10-2022,09:46,in,car,1,FALSE
28-10-2022,09:47,in,bus,48,FALSE
28-10-2022,09:47,in,car,1,FALSE
28-10-2022,09:48,in,car,1,FALSE
28-10-2022,09:48,in,car,1,FALSE
28-10-2022,09:48,in,car,1,FALSE
28-10-2022,09:48,in,car,1,FALSE
28-10-2022,09:49,in,car,1,FALSE
28-10-2022,09:49,in,car,1,FALSE
28-10-2022,09:49,in,car,1,FALSE
28-10-2022,09:49,in,car,1,FALSE
28-10-2022,09:49,in,car,1,TRUE
28-10-2022,09:50,in,bus,72,FALSE
28-10-2022,09:50,in,car,1,FALSE
28-10-2022,09:51,in,bus,56,FALSE
28-10-2022,09:51,in,car,1,FALSE
28-10-2022,09:51,in,car,2,FALSE
28-10-2022,09:51,in,car,1,FALSE
28-10-2022,09:51,in,car,1,FALSE
28-10-2022,09:51,in,car,1,FALSE
28-10-2022,09:51,in,car,1,TRUE
28-10-2022,09:51,in,car,1,FALSE
28-10-2022,09:52,in,car,1,FALSE
28-10-2022,09:52,in,car,2,FALSE
28-10-2022,09:52,in,car,1,FALSE
28-10-2022,09:52,in,car,2,FALSE
28-10-2022,09:52,in,car,1,TRUE
28-10-2022,09:52,in,bus,48,FALSE
28-10-2022,09:52,in,car,1,FALSE
28-10-2022,09:53,in,car,1,FALSE
28-10-2022,09:53,in,car,2,FALSE
28-10-2022,09:53,in,car,2,FALSE
28-10-2022,09:53,in,bicycle,1,FALSE
28-10-2022,09:53,in,car,1,FALSE
28-10-2022,09:54,in,car,1,FALSE
28-10-2022,09:54,in,car,1,FALSE
28-10-2022,09:54,in,car,2,FALSE
28-10-2022,09:54,in,car,1,FALSE
28-10-2022,09:54,in,car,1,FALSE
28-10-2022,09:54,in,car,2,FALSE
28-10-2022,09:55,in,car,2,FALSE
28-10-2022,09:55,in,car,1,FALSE
28-10-2022,09:55,in,car,1,TRUE
28-10-2022,09:56,in,car,2,FALSE
28-10-2022,09:56,in,car,1,FALSE
28-10-2022,09:56,in,car,1,FALSE
28-10-2022,09:56,in,car,1,FALSE
28-10-2022,09:56,in,car,2,FALSE
28-10-2022,09:56,in,car,1,FALSE
28-10-2022,09:57,in,car,1,FALSE
28-10-2022,09:57,in,motorcycle,1,FALSE
28-10-2022,09:57,in,car,3,FALSE
28-10-2022,09:57,in,car,2,FALSE
28-10-2022,09:57,in,car,2,FALSE
28-10-2022,09:58,in,car,1,FALSE
28-10-2022,09:58,in,car,1,FALSE
28-10-2022,09:58,in,car,3,FALSE
28-10-2022,09:58,in,car,2,FALSE
28-10-2022,09:58,in,car,1,FALSE
28-10-2022,09:58,in,car,1,FALSE
28-10-2022,09:58,in,car,1,FALSE
28-10-2022,09:58,in,car,2,TRUE
28-10-2022,09:58,in,car,2,FALSE
28-10-2022,09:58,in,car,1,FALSE
28-10-2022,09:58,in,car,2,FALSE
28-10-2022,09:58,in,car,4,FALSE
28-10-2022,09:59,in,car,2,FALSE
28-10-2022,09:59,in,car,1,FALSE
28-10-2022,09:59,in,car,1,FALSE
28-10-2022,10:00,in,car,1,FALSE
